week,spirit_prabhas,spirit_2027,boundary,partial
2025-12-28,100,6,True,False
2026-01-04,61,5,False,False
2026-01-11,39,9,False,False
2026-01-18,20,10,False,False
2026-01-25,17,11,False,False
2026-02-01,11,11,False,False
2026-02-08,9,8,False,False
2026-02-15,8,11,False,False
2026-02-22,14,14,False,False
2026-03-01,11,11,False,False
2026-03-08,9,12,False,False
2026-03-15,9,13,False,False
2026-03-22,9,12,False,False
2026-03-29,10,17,False,False
2026-04-05,9,14,False,False
2026-04-12,7,14,False,False
2026-04-19,7,16,False,False
2026-04-26,7,18,False,False
2026-05-03,6,22,False,False
2026-05-10,9,18,False,False
2026-05-17,6,19,False,False
2026-05-24,6,23,False,False
2026-05-31,11,27,False,False
2026-06-07,8,26,False,False
2026-06-14,8,28,False,False
2026-06-21,11,29,False,False
2026-06-28,6,32,False,False
2026-07-05,8,36,False,False
2026-07-12,9,28,False,False
2026-07-19,7,35,False,False
2026-07-26,7,41,False,False
2026-08-02,6,39,False,False
2026-08-09,9,98,False,False
2026-08-16,10,100,False,False
2026-08-23,14,27,False,False
2026-08-30,11,51,False,False
2026-09-06,7,62,False,False
2026-09-13,8,41,False,False
2026-09-20,6,21,False,False
2026-09-27,5,19,False,True
